Music,Whats Your Name?,Disney,1988,Childrens,,
Music,I'm My Own Grandpaw,Disney,1988,Childrens,,
Music,Mairzy Doats,Disney,1988,Childrens,,
Music,Pizza Pie Song,Disney,1988,Childrens,,
Music,Three Little Fishies,Disney,1988,Childrens,,
Movie,Avatar,James Cameron,2009,Science Fiction,,
Movie,Avengers: Endgame,Anthony Russo,2019,Action/Adventure,,
Movie,Titanic,James Cameron,1997,Romance/Drama,,
Movie,Jurassic World,Colin Trevorrow,2015,Science Fiction,,
Movie,The Lion King,Rob Minkoff,1994,Musical,,
TV Show,The Sopranos,Alan Taylor,2001,3,3,Drama/Crime
TV Show,The Wire,Reinaldo Green,2009,2,2,Drama/Crime
TV Show,Breaking Bad,Brian Cranston,2012,4,4,Drama/Crime
TV Show,Mad Men,Lynn Shelton,2012,5,5,Drama
TV Show,Seinfield,David Steinberg,1995,6,6,Sitcom/Comedy
Podcast,Serial Podcast,This American Life,2014,1,5,
Podcast,Ted Podcasts,Elise Hu,2012,2,3,
Podcast,The Daily,Micheal Babaro,2017,3,4,
Podcast,Crime Junky,Ashley Flowers,2017,2,3,
Podcast,The Joe Rogan Experience,Joe Rogan,2009,1,2,
Picture,Man Jumping The Puddle,1930,,,,
Picture,Starving Child And Vulture,1993,,,,
Picture,Saigon Execution,1968,,,,
Picture,Winston Churchill,1941,,,,
Picture,The Terror Of War,1972,,,,
